{"cameraMode":{"drawMode":0,"name":"Shaded","section":"Shading Mode"},"sceneLighting":true,"audioPlay":false,"sceneViewState":{"showFog":true,"showMaterialUpdate":false,"showSkybox":true,"showFlares":true,"showImageEffects":true,"showParticleSystems":true},"in2DMode":false,"pivot":{"x":8.237356185913086,"y":1.8766913414001465,"z":6.088191986083984},"rotation":{"x":0.5000532269477844,"y":-0.21252408623695374,"z":0.12772749364376069,"w":0.8301507234573364},"size":5.888852596282959,"orthographic":true}