{"cameraMode":{"drawMode":0,"name":"Shaded","section":"Shading Mode"},"sceneLighting":true,"audioPlay":false,"sceneViewState":{"showFog":true,"showMaterialUpdate":false,"showSkybox":true,"showFlares":true,"showImageEffects":true,"showParticleSystems":true},"in2DMode":false,"pivot":{"x":3.3863277435302736,"y":3.238283157348633,"z":5.393041133880615},"rotation":{"x":-0.27774110436439516,"y":0.5021837949752808,"z":-0.17275458574295045,"w":-0.8013066649436951},"size":4.100532054901123,"orthographic":true}