{"cameraMode":{"drawMode":0,"name":"Shaded","section":"Shading Mode"},"sceneLighting":true,"audioPlay":false,"sceneViewState":{"showFog":true,"showMaterialUpdate":false,"showSkybox":true,"showFlares":true,"showImageEffects":true,"showParticleSystems":true},"in2DMode":false,"pivot":{"x":9.343461036682129,"y":4.002772808074951,"z":-12.281538009643555},"rotation":{"x":0.1681087613105774,"y":0.01004884298890829,"z":-0.0015773276099935175,"w":0.9858118295669556},"size":5.95936918258667,"orthographic":true}