{"cameraMode":{"drawMode":0,"name":"Shaded","section":"Shading Mode"},"sceneLighting":true,"audioPlay":false,"sceneViewState":{"showFog":true,"showMaterialUpdate":false,"showSkybox":true,"showFlares":true,"showImageEffects":true,"showParticleSystems":true},"in2DMode":false,"pivot":{"x":38.68092346191406,"y":1.8706036806106568,"z":-23.205936431884767},"rotation":{"x":0.07264173030853272,"y":-0.9267874360084534,"z":0.243075430393219,"w":0.2769671678543091},"size":19.458576202392579,"orthographic":true}