{"cameraMode":{"drawMode":0,"name":"Shaded","section":"Shading Mode"},"sceneLighting":true,"audioPlay":false,"sceneViewState":{"showFog":true,"showMaterialUpdate":false,"showSkybox":true,"showFlares":true,"showImageEffects":true,"showParticleSystems":true},"in2DMode":false,"pivot":{"x":2.7335896492004396,"y":2.0681114196777345,"z":2.234213352203369},"rotation":{"x":-0.262349009513855,"y":0.46035531163215639,"z":-0.14255838096141816,"w":-0.8367977142333984},"size":1.8776447772979737,"orthographic":true}