{"cameraMode":{"drawMode":0,"name":"Shaded","section":"Shading Mode"},"sceneLighting":true,"audioPlay":false,"sceneViewState":{"showFog":true,"showMaterialUpdate":false,"showSkybox":true,"showFlares":true,"showImageEffects":true,"showParticleSystems":true},"in2DMode":false,"pivot":{"x":7.333203315734863,"y":5.85427188873291,"z":11.308015823364258},"rotation":{"x":0.2587999999523163,"y":-0.5319833755493164,"z":0.17416606843471528,"w":0.7877639532089233},"size":1.169112205505371,"orthographic":true}