{"cameraMode":{"drawMode":0,"name":"Shaded","section":"Shading Mode"},"sceneLighting":false,"audioPlay":false,"sceneViewState":{"showFog":true,"showMaterialUpdate":false,"showSkybox":false,"showFlares":true,"showImageEffects":true,"showParticleSystems":true},"in2DMode":false,"pivot":{"x":0.28264427185058596,"y":0.12330865859985352,"z":1.4018077850341797},"rotation":{"x":-0.2719178795814514,"y":0.314189076423645,"z":-0.09362522512674332,"w":-0.9051553010940552},"size":10.0,"orthographic":true}