{"cameraMode":{"drawMode":0,"name":"Shaded","section":"Shading Mode"},"sceneLighting":true,"audioPlay":false,"sceneViewState":{"showFog":true,"showMaterialUpdate":false,"showSkybox":true,"showFlares":true,"showImageEffects":true,"showParticleSystems":true},"in2DMode":false,"pivot":{"x":7.478623390197754,"y":0.07730090618133545,"z":2.863476514816284},"rotation":{"x":0.1986144334077835,"y":0.7979588508605957,"z":-0.35538825392723086,"w":0.44546809792518618},"size":6.071385383605957,"orthographic":true}