{"cameraMode":{"drawMode":0,"name":"Shaded","section":"Shading Mode"},"sceneLighting":true,"audioPlay":false,"sceneViewState":{"showFog":true,"showMaterialUpdate":false,"showSkybox":true,"showFlares":true,"showImageEffects":true,"showParticleSystems":true},"in2DMode":false,"pivot":{"x":7.427666187286377,"y":3.0726561546325685,"z":-10.563276290893555},"rotation":{"x":0.30195528268814089,"y":-0.26987892389297488,"z":0.08955735713243485,"w":0.9099621176719666},"size":8.786651611328125,"orthographic":true}