{"cameraMode":{"drawMode":0,"name":"Shaded","section":"Shading Mode"},"sceneLighting":true,"audioPlay":false,"sceneViewState":{"showFog":true,"showMaterialUpdate":false,"showSkybox":true,"showFlares":true,"showImageEffects":true,"showParticleSystems":true},"in2DMode":false,"pivot":{"x":3.3863277435302736,"y":3.238283157348633,"z":5.393041133880615},"rotation":{"x":-0.26974713802337649,"y":0.4442389905452728,"z":-0.14082814753055573,"w":-0.8433961272239685},"size":4.100532054901123,"orthographic":true}