{"cameraMode":{"drawMode":0,"name":"Shaded","section":"Shading Mode"},"sceneLighting":true,"audioPlay":false,"sceneViewState":{"showFog":true,"showMaterialUpdate":false,"showSkybox":true,"showFlares":true,"showImageEffects":true,"showParticleSystems":true},"in2DMode":false,"pivot":{"x":5.008286476135254,"y":0.32940277457237246,"z":7.252921104431152},"rotation":{"x":-0.1610100418329239,"y":0.4534289538860321,"z":-0.0818614512681961,"w":-0.8735543489456177},"size":6.268414497375488,"orthographic":true}