{"cameraMode":{"drawMode":0,"name":"Shaded","section":"Shading Mode"},"sceneLighting":true,"audioPlay":false,"sceneViewState":{"showFog":true,"showMaterialUpdate":false,"showSkybox":true,"showFlares":true,"showImageEffects":true,"showParticleSystems":true},"in2DMode":false,"pivot":{"x":3.6214230060577394,"y":0.514007568359375,"z":4.494288444519043},"rotation":{"x":-0.2574443519115448,"y":0.6482861042022705,"z":-0.24489067494869233,"w":-0.6743882298469544},"size":3.5770504474639894,"orthographic":true}