{"cameraMode":{"drawMode":0,"name":"Shaded","section":"Shading Mode"},"sceneLighting":true,"audioPlay":false,"sceneViewState":{"showFog":true,"showMaterialUpdate":false,"showSkybox":true,"showFlares":true,"showImageEffects":true,"showParticleSystems":true},"in2DMode":false,"pivot":{"x":2.4549014568328859,"y":0.27363356947898867,"z":4.173925876617432},"rotation":{"x":-0.3125714063644409,"y":0.3304729163646698,"z":-0.11409154534339905,"w":-0.8838785886764526},"size":3.886281967163086,"orthographic":true}