{"cameraMode":{"drawMode":0,"name":"Shaded","section":"Shading Mode"},"sceneLighting":true,"audioPlay":false,"sceneViewState":{"showFog":true,"showMaterialUpdate":false,"showSkybox":true,"showFlares":true,"showImageEffects":true,"showParticleSystems":true},"in2DMode":false,"pivot":{"x":2.4549014568328859,"y":0.27363356947898867,"z":4.173925876617432},"rotation":{"x":-0.20523852109909059,"y":0.547564685344696,"z":-0.1377081573009491,"w":-0.800108015537262},"size":2.4720230102539064,"orthographic":true}