{"cameraMode":{"drawMode":0,"name":"Shaded","section":"Shading Mode"},"sceneLighting":true,"audioPlay":false,"sceneViewState":{"showFog":true,"showMaterialUpdate":false,"showSkybox":true,"showFlares":true,"showImageEffects":true,"showParticleSystems":true},"in2DMode":false,"pivot":{"x":38.68092346191406,"y":1.8706036806106568,"z":-23.205936431884767},"rotation":{"x":-0.12602582573890687,"y":-0.8407325148582459,"z":0.22185301780700684,"w":-0.4775858521461487},"size":27.672054290771486,"orthographic":true}