{"cameraMode":{"drawMode":0,"name":"Shaded","section":"Shading Mode"},"sceneLighting":true,"audioPlay":false,"sceneViewState":{"showFog":true,"showMaterialUpdate":false,"showSkybox":true,"showFlares":true,"showImageEffects":true,"showParticleSystems":true},"in2DMode":false,"pivot":{"x":2.9305784702301027,"y":2.741353750228882,"z":3.13527774810791},"rotation":{"x":-0.2783442735671997,"y":0.45134684443473818,"z":-0.14899824559688569,"w":-0.8353931307792664},"size":3.4644434452056886,"orthographic":true}