{"cameraMode":{"drawMode":0,"name":"Shaded","section":"Shading Mode"},"sceneLighting":true,"audioPlay":false,"sceneViewState":{"showFog":true,"showMaterialUpdate":false,"showSkybox":true,"showFlares":true,"showImageEffects":true,"showParticleSystems":true},"in2DMode":false,"pivot":{"x":8.237356185913086,"y":1.8766913414001465,"z":6.088191986083984},"rotation":{"x":-0.2007133811712265,"y":0.3533482551574707,"z":-0.07702142000198364,"w":-0.9108519554138184},"size":5.686089515686035,"orthographic":true}