{"cameraMode":{"drawMode":0,"name":"Shaded","section":"Shading Mode"},"sceneLighting":true,"audioPlay":false,"sceneViewState":{"showFog":true,"showMaterialUpdate":false,"showSkybox":true,"showFlares":true,"showImageEffects":true,"showParticleSystems":true},"in2DMode":false,"pivot":{"x":8.520000457763672,"y":1.87660813331604,"z":7.489999771118164},"rotation":{"x":0.22443415224552155,"y":-0.40711262822151186,"z":0.1034265011548996,"w":0.8798061609268189},"size":4.967213153839111,"orthographic":true}