{"cameraMode":{"drawMode":0,"name":"Shaded","section":"Shading Mode"},"sceneLighting":true,"audioPlay":false,"sceneViewState":{"showFog":true,"showMaterialUpdate":false,"showSkybox":true,"showFlares":true,"showImageEffects":true,"showParticleSystems":true},"in2DMode":false,"pivot":{"x":8.246866226196289,"y":1.8950902223587037,"z":6.094010353088379},"rotation":{"x":-0.18656259775161744,"y":0.3192566931247711,"z":-0.06428869813680649,"w":-0.92708420753479},"size":7.476264953613281,"orthographic":true}