{"cameraMode":{"drawMode":0,"name":"Shaded","section":"Shading Mode"},"sceneLighting":true,"audioPlay":false,"sceneViewState":{"showFog":true,"showMaterialUpdate":false,"showSkybox":true,"showFlares":true,"showImageEffects":true,"showParticleSystems":true},"in2DMode":false,"pivot":{"x":3.057766914367676,"y":2.2199740409851076,"z":2.866429090499878},"rotation":{"x":-0.2807719111442566,"y":0.4935009777545929,"z":-0.17053328454494477,"w":-0.8061076998710632},"size":2.7033681869506838,"orthographic":true}