{"cameraMode":{"drawMode":0,"name":"Shaded","section":"Shading Mode"},"sceneLighting":true,"audioPlay":false,"sceneViewState":{"showFog":true,"showMaterialUpdate":false,"showSkybox":true,"showFlares":true,"showImageEffects":true,"showParticleSystems":true},"in2DMode":false,"pivot":{"x":7.948578834533691,"y":5.507287502288818,"z":2.767138957977295},"rotation":{"x":-0.5058773159980774,"y":0.028917301446199418,"z":-0.017115866765379907,"w":-0.8620242476463318},"size":8.568593978881836,"orthographic":true}