{"cameraMode":{"drawMode":0,"name":"Shaded","section":"Shading Mode"},"sceneLighting":true,"audioPlay":false,"sceneViewState":{"showFog":true,"showMaterialUpdate":false,"showSkybox":true,"showFlares":true,"showImageEffects":true,"showParticleSystems":true},"in2DMode":false,"pivot":{"x":7.428031921386719,"y":0.7257810235023499,"z":4.8953857421875},"rotation":{"x":-0.26119500398635867,"y":0.31824758648872378,"z":-0.08954712003469467,"w":-0.9074832201004028},"size":6.305575370788574,"orthographic":true}