{"cameraMode":{"drawMode":0,"name":"Shaded","section":"Shading Mode"},"sceneLighting":true,"audioPlay":false,"sceneViewState":{"showFog":true,"showMaterialUpdate":false,"showSkybox":true,"showFlares":true,"showImageEffects":true,"showParticleSystems":true},"in2DMode":false,"pivot":{"x":8.237356185913086,"y":1.8766913414001465,"z":6.088191986083984},"rotation":{"x":0.47694131731987,"y":-0.01694914698600769,"z":0.008901034481823445,"w":0.8790868520736694},"size":4.725515842437744,"orthographic":true}